City_ID,City,Country,Date,Lat,Lng,Max Temp,Humidity,Cloudiness,Wind Speed
0,Petropavl,KZ,2021-09-22 19:03:27,54.8753,69.1628,36.01,93,39,6.8
1,Mayo,US,2021-09-22 19:03:27,38.8876,-76.5119,83.17,77,20,15.99
2,Guerrero Negro,MX,2021-09-22 18:58:39,27.9769,-114.0611,82.06,58,100,6.24
3,Busselton,AU,2021-09-22 19:03:27,-33.65,115.3333,51.04,91,0,10.07
4,Dickinson,US,2021-09-22 19:03:28,29.4608,-95.0513,83.23,43,1,4.0
5,Alugan,PH,2021-09-22 19:03:28,12.2188,125.4808,78.03,85,100,2.1
6,Rikitea,PF,2021-09-22 19:03:28,-23.1203,-134.9692,73.27,75,19,20.76
7,Bambous Virieux,MU,2021-09-22 19:03:29,-20.3428,57.7575,72.21,72,15,13.91
8,Saldanha,ZA,2021-09-22 19:03:29,-33.0117,17.9442,64.08,55,2,8.1
9,Priyutovo,RU,2021-09-22 19:03:29,53.9,53.9333,47.97,80,100,6.78
10,Lagoa,PT,2021-09-22 19:03:09,39.05,-27.9833,70.56,77,0,15.21
11,Katsuura,JP,2021-09-22 19:03:30,35.1333,140.3,80.71,85,100,19.55
12,Batagay,RU,2021-09-22 19:03:30,67.6333,134.6333,34.93,77,100,2.59
13,Alekseyevsk,RU,2021-09-22 19:03:30,57.8406,108.3492,36.81,92,50,1.05
14,Nikolskoye,RU,2021-09-22 19:03:30,59.7035,30.7861,44.49,73,100,3.74
15,Geraldton,AU,2021-09-22 19:03:31,-28.7667,114.6,54.01,54,0,4.61
16,Campoverde,PE,2021-09-22 19:03:31,-8.4753,-74.8058,73.09,49,88,5.99
17,Provideniya,RU,2021-09-22 19:03:31,64.3833,-173.3,31.21,60,4,3.36
18,Bethel,US,2021-09-22 19:03:31,41.3712,-73.414,80.35,75,1,1.99
19,Wukari,NG,2021-09-22 19:03:32,7.85,9.7833,71.58,96,100,1.86
20,Bluff,NZ,2021-09-22 19:03:32,-46.6,168.3333,37.8,85,9,11.23
21,Barrow,US,2021-09-22 19:03:32,71.2906,-156.7887,32.02,69,90,18.41
22,Wanning,CN,2021-09-22 19:03:32,18.8003,110.3967,80.04,87,100,4.21
23,Poltavka,RU,2021-09-22 19:03:33,54.3663,71.7632,37.56,89,51,5.48
24,Tiksi,RU,2021-09-22 19:03:33,71.6872,128.8694,34.77,87,99,3.62
25,Ribeira Grande,PT,2021-09-22 19:03:33,38.5167,-28.7,73.8,78,20,17.27
26,Tuktoyaktuk,CA,2021-09-22 19:03:33,69.4541,-133.0374,36.14,67,100,15.3
27,Ustka,PL,2021-09-22 19:03:34,54.5805,16.8619,55.51,87,99,11.16
28,Athabasca,CA,2021-09-22 18:59:37,54.7169,-113.2854,64.09,41,100,16.04
29,Ushuaia,AR,2021-09-22 19:01:50,-54.8,-68.3,53.92,55,100,8.19
30,Kruisfontein,ZA,2021-09-22 19:03:34,-34.0033,24.7314,58.89,86,6,7.65
31,Manado,ID,2021-09-22 19:03:35,1.487,124.8455,74.17,94,75,1.14
32,Arman,RU,2021-09-22 19:03:35,59.7,150.1667,43.21,75,85,5.91
33,Butaritari,KI,2021-09-22 19:03:35,3.0707,172.7902,82.65,68,100,15.77
34,Kupang,ID,2021-09-22 19:03:35,-10.1667,123.5833,76.46,76,75,11.34
35,New Norfolk,AU,2021-09-22 19:03:36,-42.7826,147.0587,56.91,57,89,4.0
36,Mwense,ZM,2021-09-22 19:03:36,-10.3845,28.698,80.02,22,9,10.42
37,Puerto Escondido,MX,2021-09-22 19:03:36,15.85,-97.0667,88.63,55,40,6.91
38,Annau,TM,2021-09-22 19:03:37,37.8876,58.516,74.7,22,0,11.5
39,Riohacha,CO,2021-09-22 19:03:37,11.5444,-72.9072,86.16,71,69,11.88
40,Dimbokro,CI,2021-09-22 19:03:37,6.6451,-4.7048,75.56,95,100,4.36
41,Acarau,BR,2021-09-22 19:03:37,-2.8856,-40.12,84.56,64,100,18.9
42,Mar Del Plata,AR,2021-09-22 19:03:38,-38.0023,-57.5575,59.02,67,90,9.22
43,Vao,NC,2021-09-22 19:03:38,-22.6667,167.4833,66.97,74,93,25.32
44,Dikson,RU,2021-09-22 19:03:38,73.5069,80.5464,35.37,99,100,10.63
45,Kilindoni,TZ,2021-09-22 19:03:38,-7.9139,39.6668,76.71,77,3,11.18
46,Kachiry,KZ,2021-09-22 19:03:39,53.0675,76.1036,41.49,70,100,4.7
47,Bredasdorp,ZA,2021-09-22 19:03:39,-34.5322,20.0403,62.28,87,100,4.29
48,Atuona,PF,2021-09-22 19:03:39,-9.8,-139.0333,77.63,77,38,22.19
49,Alta Floresta,BR,2021-09-22 19:03:40,-9.8756,-56.0861,104.45,15,61,4.9
50,Yellowknife,CA,2021-09-22 19:03:40,62.456,-114.3525,53.78,67,61,8.68
51,Hilo,US,2021-09-22 19:03:40,19.7297,-155.09,74.93,87,90,5.75
52,Harper,LR,2021-09-22 19:03:41,4.375,-7.7169,78.12,85,65,7.05
53,Ponta Do Sol,PT,2021-09-22 19:03:41,32.6667,-17.1,74.03,57,100,3.42
54,Isangel,VU,2021-09-22 19:03:41,-19.55,169.2667,74.89,86,100,5.14
55,Vaini,TO,2021-09-22 19:03:41,-21.2,-175.2,73.56,88,75,6.91
56,Cape Town,ZA,2021-09-22 19:02:44,-33.9258,18.4232,66.11,60,32,1.99
57,Punta Arenas,CL,2021-09-22 19:01:36,-53.15,-70.9167,46.98,76,100,18.41
58,Saltpond,GH,2021-09-22 19:03:42,5.2091,-1.0606,76.03,90,100,3.94
59,Pangnirtung,CA,2021-09-22 19:03:42,66.1451,-65.7125,33.94,52,6,4.05
60,North Bend,US,2021-09-22 19:03:42,43.4065,-124.2243,72.25,70,1,8.05
61,Saint-Joseph,RE,2021-09-22 19:03:43,-21.3667,55.6167,66.56,77,28,10.56
62,Kapaa,US,2021-09-22 19:03:43,22.0752,-159.319,80.92,70,40,5.99
63,Bongor,TD,2021-09-22 19:03:43,10.2806,15.3722,73.17,91,100,5.68
64,Tasiilaq,GL,2021-09-22 19:03:43,65.6145,-37.6368,37.56,61,0,3.36
65,Cockburn Town,TC,2021-09-22 19:03:44,21.4612,-71.1419,82.27,77,100,12.3
66,North Platte,US,2021-09-22 19:03:44,41.1239,-100.7654,76.89,27,1,8.99
67,Qaanaaq,GL,2021-09-22 19:03:44,77.484,-69.3632,14.02,63,11,6.58
68,Belmonte,BR,2021-09-22 19:03:44,-15.8631,-38.8828,72.1,77,97,18.23
69,Los Llanos De Aridane,ES,2021-09-22 19:03:45,28.6585,-17.9182,71.35,82,40,11.5
70,Puerto Ayora,EC,2021-09-22 19:03:45,-0.7393,-90.3518,71.19,82,70,11.65
71,Hambantota,LK,2021-09-22 19:03:45,6.1241,81.1185,79.14,100,20,5.75
72,Kaoma,ZM,2021-09-22 19:03:45,-14.7833,24.8,73.74,24,12,7.52
73,Albany,US,2021-09-22 19:00:07,42.6001,-73.9662,80.85,71,72,10.31
74,Sisimiut,GL,2021-09-22 19:03:46,66.9395,-53.6735,33.69,54,1,9.28
75,Victoria,HK,2021-09-22 19:00:04,22.2855,114.1577,85.98,82,30,13.62
76,Ayagoz,KZ,2021-09-22 19:03:46,47.9714,80.4392,37.47,57,100,9.78
77,Fort Nelson,CA,2021-09-22 19:03:46,58.8053,-122.7002,58.14,32,35,12.68
78,Ketou,BJ,2021-09-22 19:03:47,7.3633,2.5998,73.56,93,100,1.3
79,Vila Velha,BR,2021-09-22 19:02:17,-20.3297,-40.2925,72.27,64,21,24.32
80,Oga,IT,2021-09-22 19:03:47,46.4631,10.347,51.69,72,100,5.3
81,Bengkulu,ID,2021-09-22 19:03:47,-3.8004,102.2655,75.69,90,99,3.04
82,Zhanakorgan,KZ,2021-09-22 19:03:48,43.9098,67.2495,61.3,22,0,11.52
83,Yulara,AU,2021-09-22 19:03:48,-25.2406,130.9889,42.64,49,97,5.75
84,Barabinsk,RU,2021-09-22 19:03:48,55.3571,78.357,37.62,93,100,4.07
85,Pattoki,PK,2021-09-22 19:03:48,31.0167,73.85,80.13,76,50,7.49
86,Carnarvon,AU,2021-09-22 19:03:49,-24.8667,113.6333,64.47,94,5,8.05
87,East London,ZA,2021-09-22 19:00:33,-33.0153,27.9116,63.09,75,0,20.07
88,Bathsheba,BB,2021-09-22 19:01:10,13.2167,-59.5167,85.35,62,9,11.68
89,Mogzon,RU,2021-09-22 19:03:49,51.7435,111.9606,43.74,93,100,4.94
90,Lebu,CL,2021-09-22 19:03:49,-37.6167,-73.65,54.23,61,12,6.24
91,Puerto Baquerizo Moreno,EC,2021-09-22 19:03:50,-0.9,-89.6,69.75,85,87,13.82
92,Sosnogorsk,RU,2021-09-22 19:03:50,63.6023,53.8817,40.26,94,60,2.62
93,Gboko,NG,2021-09-22 19:03:50,7.3179,8.9951,72.25,94,100,3.42
94,Kitimat,CA,2021-09-22 19:00:06,54.0524,-128.6534,55.9,69,27,4.0
95,Tete,MZ,2021-09-22 19:03:51,-16.1564,33.5867,77.88,48,0,11.1
96,Port Lincoln,AU,2021-09-22 19:03:51,-34.7333,135.8667,48.58,87,1,8.16
97,Qui Nhon,VN,2021-09-22 19:03:51,13.7667,109.2333,77.56,86,100,4.65
98,Aripuana,BR,2021-09-22 19:03:52,-9.1667,-60.6333,104.67,17,73,4.85
99,Avarua,CK,2021-09-22 19:03:52,-21.2078,-159.775,73.45,78,40,8.05
100,Kavieng,PG,2021-09-22 19:03:52,-2.5744,150.7967,80.15,82,100,13.56
101,Mahebourg,MU,2021-09-22 19:03:52,-20.4081,57.7,72.25,72,7,13.87
102,Upernavik,GL,2021-09-22 19:03:53,72.7868,-56.1549,22.89,55,91,4.29
103,Almeirim,BR,2021-09-22 19:03:53,-1.5233,-52.5817,96.03,37,20,5.35
104,Nantucket,US,2021-09-22 18:59:52,41.2835,-70.0995,79.97,85,20,14.45
105,Caravelas,BR,2021-09-22 19:03:53,-17.7125,-39.2481,74.17,65,100,18.03
106,Seoul,KR,2021-09-22 19:00:18,37.5683,126.9778,69.24,76,0,6.93
107,Souillac,MU,2021-09-22 19:01:08,-20.5167,57.5167,72.36,72,0,11.95
108,Nanortalik,GL,2021-09-22 19:03:54,60.1432,-45.2371,42.06,83,100,6.53
109,Karaton,ID,2021-09-22 19:03:54,-6.3424,106.1045,78.96,90,80,1.3
110,Norman Wells,CA,2021-09-22 19:03:54,65.282,-126.8329,36.25,98,100,9.24
111,Chunoyar,RU,2021-09-22 19:03:54,57.4467,97.3217,35.96,98,100,3.76
112,Mataura,NZ,2021-09-22 19:03:55,-46.1927,168.8643,37.47,91,6,3.02
113,Sao Joao Da Barra,BR,2021-09-22 19:03:55,-21.6403,-41.0511,73.49,57,52,25.79
114,Ancud,CL,2021-09-22 19:03:55,-41.8697,-73.8203,56.43,85,98,15.84
115,Torbay,CA,2021-09-22 19:00:19,47.6666,-52.7314,74.88,41,100,11.48
116,Salinopolis,BR,2021-09-22 19:03:56,-0.6136,-47.3561,84.02,69,69,12.66
117,Saint-Philippe,RE,2021-09-22 19:03:56,-21.3585,55.7679,67.55,80,41,12.06
118,Ketchikan,US,2021-09-22 19:03:56,55.3422,-131.6461,51.08,69,100,5.44
119,Chuy,UY,2021-09-22 19:03:57,-33.6971,-53.4616,59.58,67,98,11.88
120,Muros,ES,2021-09-22 19:03:57,42.7762,-9.0603,67.14,67,2,15.17
121,Darhan,MN,2021-09-22 19:03:57,49.4867,105.9228,42.17,84,68,4.16
122,Khatanga,RU,2021-09-22 19:03:57,71.9667,102.5,33.08,98,100,11.36
123,Itarema,BR,2021-09-22 19:03:58,-2.9248,-39.9167,84.07,64,100,17.63
124,Hobart,AU,2021-09-22 19:00:05,-42.8794,147.3294,57.25,58,75,7.0
125,Petropavlovka,RU,2021-09-22 19:03:58,50.6114,105.3196,36.64,89,59,3.69
126,Kununurra,AU,2021-09-22 19:03:58,-15.7667,128.7333,67.98,19,59,8.05
127,Marsh Harbour,BS,2021-09-22 19:03:58,26.5412,-77.0636,82.99,71,50,5.03
128,Sayla,IN,2021-09-22 19:03:59,22.55,71.4667,78.66,81,75,10.25
129,Kutulik,RU,2021-09-22 19:03:59,53.3508,102.7839,34.2,88,13,1.57
130,Dwarka,IN,2021-09-22 19:03:59,22.2394,68.9678,81.99,78,100,12.82
131,Pisco,PE,2021-09-22 19:04:00,-13.7,-76.2167,68.05,68,0,9.22
132,Durazno,UY,2021-09-22 19:01:27,-33.4131,-56.5006,59.77,76,100,13.0
133,Mount Gambier,AU,2021-09-22 19:04:00,-37.8333,140.7667,51.71,93,90,12.66
134,Lethem,GY,2021-09-22 19:04:00,3.3803,-59.7968,91.56,51,98,2.39
135,Udachnyy,RU,2021-09-22 19:04:01,66.4167,112.4,35.15,76,100,6.38
136,Lavrentiya,RU,2021-09-22 19:04:01,65.5833,-171.0,30.87,68,20,8.1
137,Stalowa Wola,PL,2021-09-22 19:04:01,50.5829,22.0533,48.85,71,100,4.18
138,Mumford,GH,2021-09-22 19:04:02,5.2618,-0.759,75.24,90,100,4.16
139,Quelimane,MZ,2021-09-22 19:04:02,-17.8786,36.8883,73.35,78,20,5.03
140,Oistins,BB,2021-09-22 19:00:54,13.0667,-59.5333,84.49,65,9,11.95
141,Yanji,CN,2021-09-22 19:04:02,42.9075,129.5078,58.14,86,100,5.61
142,Pitimbu,BR,2021-09-22 19:04:03,-7.4706,-34.8086,84.79,73,30,10.6
143,Hassleholm,SE,2021-09-22 19:04:03,56.1591,13.7664,60.33,90,0,5.7
144,Limanowa,PL,2021-09-22 18:59:26,49.7059,20.422,48.29,90,100,4.47
145,Georgetown,MY,2021-09-22 19:04:03,5.4112,100.3354,79.9,75,20,0.0
146,Northam,GB,2021-09-22 19:04:04,51.0333,-4.2167,61.02,89,22,6.53
147,Cidreira,BR,2021-09-22 19:04:04,-30.1811,-50.2056,64.42,65,14,14.99
148,Ventspils,LV,2021-09-22 19:04:04,57.3894,21.5606,39.13,100,99,0.0
149,Hermanus,ZA,2021-09-22 19:04:04,-34.4187,19.2345,65.89,68,100,11.43
150,Sitka,US,2021-09-22 19:01:27,57.0531,-135.33,48.16,75,98,8.52
151,Namibe,AO,2021-09-22 19:04:05,-15.1961,12.1522,63.91,85,24,1.88
152,Kaitangata,NZ,2021-09-22 19:04:05,-46.2817,169.8464,39.72,85,5,4.43
153,Sandpoint,US,2021-09-22 19:04:05,48.2766,-116.5533,68.61,55,1,3.44
154,Galiakot,IN,2021-09-22 19:04:06,23.5167,74.0,77.99,85,100,5.66
155,Haines Junction,CA,2021-09-22 19:04:06,60.7522,-137.5108,33.66,80,95,3.53
156,Road Town,VG,2021-09-22 19:04:06,18.4167,-64.6167,89.64,70,20,6.91
157,Kodiak,US,2021-09-22 19:04:06,57.79,-152.4072,44.44,61,100,6.91
158,Port Alfred,ZA,2021-09-22 19:04:07,-33.5906,26.891,62.37,80,1,24.16
159,Castrillon,ES,2021-09-22 19:04:07,43.3979,-6.7922,63.14,97,11,2.84
160,Srednekolymsk,RU,2021-09-22 19:04:07,67.45,153.6833,28.81,64,45,4.94
161,Musoma,TZ,2021-09-22 19:04:07,-1.5,33.8,73.45,63,100,9.44
162,Ostrovnoy,RU,2021-09-22 19:04:08,68.0531,39.5131,39.13,79,100,24.2
163,Farafangana,MG,2021-09-22 19:04:08,-22.8167,47.8333,69.58,86,4,5.97
164,Flinders,AU,2021-09-22 19:04:08,-34.5833,150.8552,52.21,81,0,1.01
165,Ocampo,MX,2021-09-22 19:04:08,21.65,-101.5,68.02,48,11,19.01
166,Camacha,PT,2021-09-22 19:04:09,33.0833,-16.3333,70.56,68,20,14.97
167,Alofi,NU,2021-09-22 19:04:09,-19.0595,-169.9187,75.51,75,94,23.73
168,Camopi,GF,2021-09-22 19:04:09,3.1655,-52.3158,94.46,36,63,4.38
169,Luderitz,NA,2021-09-22 19:04:10,-26.6481,15.1594,63.88,59,0,7.4
170,Saint George,US,2021-09-22 19:00:57,37.1041,-113.5841,89.55,15,1,1.01
171,Mezen,RU,2021-09-22 19:04:10,65.8522,44.24,35.49,82,0,6.11
172,Yoichi,JP,2021-09-22 19:04:11,43.2039,140.7703,65.88,91,42,7.25
173,Port Hardy,CA,2021-09-22 19:03:18,50.6996,-127.4199,55.67,80,19,9.75
174,Vanavara,RU,2021-09-22 19:04:11,60.34,102.2797,34.18,98,100,5.79
175,Olafsvik,IS,2021-09-22 19:04:11,64.8945,-23.7142,41.92,70,8,7.7
176,Nakamura,JP,2021-09-22 19:04:11,32.9833,132.9333,67.14,85,0,4.61
177,Abha,SA,2021-09-22 19:04:12,18.2164,42.5053,64.65,82,20,4.61
178,Mohanur,IN,2021-09-22 19:04:12,11.0833,78.1667,81.09,71,78,6.89
179,Portobelo,PA,2021-09-22 19:04:12,9.55,-79.65,77.41,72,97,4.41
180,Kavaratti,IN,2021-09-22 19:04:13,10.5669,72.642,82.36,77,95,16.4
181,Ahuimanu,US,2021-09-22 19:04:13,21.4447,-157.8378,83.91,64,40,16.11
182,Kauswagan,PH,2021-09-22 19:04:13,8.1917,124.0847,72.99,85,61,3.47
183,Imeni Poliny Osipenko,RU,2021-09-22 19:04:13,52.4201,136.4853,35.22,87,0,5.68
184,Palana,RU,2021-09-22 19:04:14,59.1167,159.9667,40.6,86,100,4.99
185,Majene,ID,2021-09-22 19:04:14,-3.5403,118.9707,77.11,89,100,11.97
186,Tura,IN,2021-09-22 19:04:14,25.5198,90.2201,73.27,93,83,1.86
187,Airai,TL,2021-09-22 19:04:14,-8.9266,125.4092,56.91,55,38,3.18
188,Castro,BR,2021-09-22 19:01:36,-24.7911,-50.0119,66.88,48,39,10.18
189,Taltal,CL,2021-09-22 19:04:15,-25.4,-70.4833,63.48,64,2,8.1
190,Hasaki,JP,2021-09-22 19:04:15,35.7333,140.8333,77.4,84,100,17.31
191,Igrim,RU,2021-09-22 19:04:15,63.1906,64.4162,38.3,89,100,4.74
192,Angoche,MZ,2021-09-22 19:04:15,-16.2325,39.9086,74.66,71,0,10.54
193,Cabedelo,BR,2021-09-22 19:04:16,-6.9811,-34.8339,84.87,73,28,9.91
194,Tacuati,PY,2021-09-22 19:04:16,-23.45,-56.5833,96.19,27,99,0.51
195,Shache,CN,2021-09-22 19:04:16,38.4167,77.2406,72.66,16,99,4.52
196,Copacabana,CO,2021-09-22 19:04:17,6.3463,-75.5089,79.23,84,67,2.1
197,Chenove,FR,2021-09-22 19:04:17,47.2932,5.0046,62.02,63,0,4.61
198,Poum,NC,2021-09-22 19:04:17,-20.2333,164.0167,70.21,68,97,21.32
199,Meulaboh,ID,2021-09-22 19:04:17,4.1363,96.1285,76.1,91,100,4.12
200,Clyde River,CA,2021-09-22 19:03:18,70.4692,-68.5914,31.35,84,100,13.06
201,Lindi,TZ,2021-09-22 19:04:18,-10.0,39.7167,71.94,90,6,3.85
202,Lahan,NP,2021-09-22 19:04:18,26.7296,86.4951,77.23,87,14,5.59
203,Bebra,DE,2021-09-22 19:04:18,50.9667,9.8,56.82,88,7,1.01
204,Ust-Kuyga,RU,2021-09-22 19:04:18,70.0167,135.6,32.47,77,62,4.92
205,Korla,CN,2021-09-22 19:04:19,41.7597,86.1469,66.65,32,15,14.65
206,Dingle,PH,2021-09-22 19:04:19,10.9995,122.6711,74.79,93,100,3.94
207,Beitbridge,ZW,2021-09-22 19:04:19,-22.2167,30.0,66.6,52,0,7.65
208,Beisfjord,NO,2021-09-22 19:04:20,68.3751,17.5988,53.26,95,100,3.31
209,Lompoc,US,2021-09-22 19:04:20,34.6391,-120.4579,87.21,84,40,10.36
210,Tautira,PF,2021-09-22 19:04:21,-17.7333,-149.15,77.02,71,37,3.49
211,Touros,BR,2021-09-22 19:04:21,-5.1989,-35.4608,85.1,69,68,10.74
212,Candido Mendes,BR,2021-09-22 19:04:21,-1.4467,-45.7167,86.56,60,97,8.97
213,Taiyuan,CN,2021-09-22 19:04:21,37.8694,112.5603,66.06,63,100,6.71
214,Longyearbyen,SJ,2021-09-22 19:03:11,78.2186,15.6401,42.64,70,75,24.16
215,Jamestown,US,2021-09-22 19:04:22,42.097,-79.2353,76.59,83,90,18.41
216,Sioux Lookout,CA,2021-09-22 19:04:22,50.1001,-91.917,64.83,45,13,8.52
217,Timberlake,US,2021-09-22 19:04:22,37.3207,-79.2575,78.76,92,75,1.99
218,Doka,SD,2021-09-22 19:04:22,13.5167,35.7667,75.18,80,72,5.14
219,Mineros,BO,2021-09-22 19:04:23,-17.1167,-63.2333,87.39,23,34,4.94
220,Salalah,OM,2021-09-22 19:00:30,17.0151,54.0924,80.2,88,80,7.23
221,Pinotepa Nacional,MX,2021-09-22 19:04:23,16.3167,-98.0167,90.88,55,84,5.46
222,Waingapu,ID,2021-09-22 19:04:23,-9.6567,120.2641,77.41,82,54,8.86
223,San Patricio,US,2021-09-22 19:04:24,28.017,-97.5169,86.41,23,25,15.61
224,Adamas,GR,2021-09-22 19:04:24,36.7333,24.4333,72.82,68,5,2.33
225,Chokurdakh,RU,2021-09-22 19:04:24,70.6333,147.9167,29.39,76,100,5.32
226,Alyangula,AU,2021-09-22 19:04:24,-13.8483,136.4192,74.26,47,10,16.51
227,Svetlogorsk,BY,2021-09-22 19:04:25,52.6333,29.7333,41.54,96,100,7.29
228,Faanui,PF,2021-09-22 19:04:25,-16.4833,-151.75,77.61,68,0,4.76
229,Havelock,US,2021-09-22 19:03:55,34.8791,-76.9013,84.15,84,75,4.0
230,Shakawe,BW,2021-09-22 19:02:16,-18.3667,21.85,78.17,18,99,6.04
231,Saskylakh,RU,2021-09-22 19:04:25,71.9167,114.0833,36.34,94,100,4.23
232,Pacifica,US,2021-09-22 19:04:26,37.6138,-122.4869,91.38,72,20,4.0
233,Balabac,PH,2021-09-22 19:04:27,7.9868,117.0645,79.52,80,91,3.62
234,Severodvinsk,RU,2021-09-22 19:04:27,64.5635,39.8302,33.91,82,0,8.34
235,Esperance,AU,2021-09-22 19:04:27,-33.8667,121.9,53.44,81,0,6.87
236,Umm Lajj,SA,2021-09-22 19:04:28,25.0213,37.2685,88.3,52,1,6.55
237,Margate,GB,2021-09-22 19:04:28,51.3813,1.3862,63.7,81,23,11.45
238,Champerico,GT,2021-09-22 19:00:32,14.3,-91.9167,93.76,70,99,5.68
239,Pacific Grove,US,2021-09-22 19:04:28,36.6177,-121.9166,88.81,83,1,4.0
240,Lhokseumawe,ID,2021-09-22 19:04:29,5.1801,97.1507,77.23,88,100,4.7
241,Porbandar,IN,2021-09-22 19:02:49,21.6422,69.6093,81.64,78,100,10.78
242,Port Blair,IN,2021-09-22 19:04:29,11.6667,92.75,77.67,90,100,6.87
243,Beringovskiy,RU,2021-09-22 19:04:29,63.05,179.3167,35.46,66,100,4.79
244,Hamilton,US,2021-09-22 19:01:04,39.1834,-84.5333,60.55,94,100,3.0
245,Thanh Hoa,VN,2021-09-22 19:04:30,19.8,105.7667,75.0,94,92,3.27
246,Cueramaro,MX,2021-09-22 19:04:30,20.6167,-101.7167,76.42,47,2,11.01
247,Jati,PK,2021-09-22 19:04:30,24.3539,68.2671,84.15,69,99,14.74
248,Havoysund,NO,2021-09-22 19:04:30,70.9963,24.6622,50.88,84,97,22.26
249,Thompson,CA,2021-09-22 19:02:46,55.7435,-97.8558,55.56,76,90,6.91
250,Tuatapere,NZ,2021-09-22 19:04:31,-46.1333,167.6833,37.81,86,1,5.14
251,Sao Filipe,CV,2021-09-22 19:04:32,14.8961,-24.4956,79.21,80,36,7.07
252,Bulgan,MN,2021-09-22 19:04:32,48.8125,103.5347,39.51,85,38,4.59
253,Mercedes,AR,2021-09-22 19:04:32,-34.6515,-59.4307,57.88,87,100,2.62
254,Copiapo,CL,2021-09-22 19:04:33,-27.3667,-70.3333,60.49,24,0,8.23
255,Arraial Do Cabo,BR,2021-09-22 19:04:33,-22.9661,-42.0278,71.46,53,20,12.66
256,Nioro,GM,2021-09-22 19:04:33,13.35,-15.75,82.85,79,21,7.25
257,Chilliwack,CA,2021-09-22 19:00:08,49.1747,-121.9443,61.93,90,100,1.01
258,Abalak,RU,2021-09-22 19:04:33,58.1286,68.5944,33.71,95,91,4.38
259,Along,IN,2021-09-22 19:04:34,28.1667,94.7667,71.42,91,95,1.54
260,Gurlan,UZ,2021-09-22 19:04:34,41.8447,60.3919,66.11,17,11,12.5
261,Sindor,RU,2021-09-22 19:04:34,62.8629,51.8905,41.9,85,100,3.18
262,Carahue,CL,2021-09-22 19:04:35,-38.7,-73.1667,59.2,56,87,4.38
263,Slobodskoy,RU,2021-09-22 19:04:35,58.7322,50.1772,39.42,93,3,7.61
264,Ciudad Bolivar,VE,2021-09-22 19:04:35,8.1222,-63.5497,92.61,45,84,5.73
265,Niksar,TR,2021-09-22 19:04:36,40.5917,36.9517,55.94,93,100,2.64
266,Ponta Delgada,PT,2021-09-22 19:01:30,37.7333,-25.6667,74.12,64,20,11.5
267,Tilichiki,RU,2021-09-22 19:04:36,60.4667,166.1,42.01,91,100,3.87
268,Omachi,JP,2021-09-22 19:04:36,36.5,137.8667,63.1,91,44,4.29
269,Ahipara,NZ,2021-09-22 19:04:36,-35.1667,173.1667,57.34,94,100,12.15
270,Kachug,RU,2021-09-22 19:04:37,53.9606,105.8817,37.78,85,100,4.27
271,Watsa,CD,2021-09-22 19:04:37,3.0372,29.5355,65.35,96,89,2.19
272,Cayenne,GF,2021-09-22 19:00:07,4.9333,-52.3333,87.84,75,93,4.0
273,Kangaatsiaq,GL,2021-09-22 19:04:37,68.3065,-53.4641,31.23,67,86,7.2
274,Port Elizabeth,ZA,2021-09-22 19:00:15,-33.918,25.5701,61.11,85,5,13.71
275,Sakakah,SA,2021-09-22 19:04:37,29.9697,40.2064,87.35,18,0,12.03
276,Orange Walk,BZ,2021-09-22 19:04:38,17.8333,-88.8333,76.86,73,95,3.53
277,Jalu,LY,2021-09-22 19:04:38,29.0331,21.5482,89.76,16,0,8.21
278,Kishorganj,BD,2021-09-22 19:04:38,24.4333,90.7667,77.23,89,29,1.61
279,Yashkul,RU,2021-09-22 19:04:39,46.1711,45.3435,61.95,68,100,2.06
280,Cap Malheureux,MU,2021-09-22 19:04:39,-19.9842,57.6142,72.46,68,4,5.99
281,Honningsvag,NO,2021-09-22 19:04:39,70.9821,25.9704,47.95,81,75,28.77
282,Chodavaram,IN,2021-09-22 19:04:39,17.8333,82.95,80.44,93,100,1.14
283,Mangrol,IN,2021-09-22 19:04:40,21.1167,70.1167,81.27,79,100,11.68
284,Morondava,MG,2021-09-22 19:04:40,-20.2833,44.2833,75.47,71,1,17.4
285,Bandarbeyla,SO,2021-09-22 19:04:40,9.4942,50.8122,78.33,79,99,20.65
286,Batu Gajah,MY,2021-09-22 19:04:41,4.4692,101.0411,76.19,88,95,1.36
287,Tessalit,ML,2021-09-22 19:04:41,20.1986,1.0114,96.48,14,17,5.84
288,Conceicao Do Araguaia,BR,2021-09-22 19:04:41,-8.2578,-49.2647,106.83,12,14,6.49
289,Camacupa,AO,2021-09-22 19:04:41,-12.0167,17.4833,74.48,16,13,2.89
290,Laguna,US,2021-09-22 19:04:42,38.421,-121.4238,96.64,34,1,4.0
291,Egvekinot,RU,2021-09-22 19:04:42,66.3167,-179.1667,20.55,77,99,1.36
292,Challans,FR,2021-09-22 19:04:42,46.8436,-1.8749,68.2,47,0,8.57
293,Kawalu,ID,2021-09-22 19:04:43,-7.3817,108.2082,71.94,96,81,2.08
294,Paamiut,GL,2021-09-22 19:04:43,61.994,-49.6678,31.3,92,100,5.19
295,Krasnoselkup,RU,2021-09-22 19:04:43,65.7,82.4667,34.03,77,100,14.76
296,Norrtalje,SE,2021-09-22 19:04:43,59.758,18.705,52.23,91,97,10.29
297,Mahon,ES,2021-09-22 19:04:44,39.8885,4.2658,75.76,83,75,13.8
298,Te Anau,NZ,2021-09-22 19:04:44,-45.4167,167.7167,36.54,91,18,0.94
299,Axim,GH,2021-09-22 19:04:44,4.8699,-2.2405,77.09,87,100,2.44
300,Tateyama,JP,2021-09-22 19:04:45,34.9833,139.8667,80.62,83,75,11.5
301,Formosa,AR,2021-09-22 19:04:45,-26.1775,-58.1781,73.38,53,0,8.05
302,Kimbe,PG,2021-09-22 19:04:45,-5.5502,150.1429,74.41,94,95,4.61
303,Ust-Koksa,RU,2021-09-22 19:04:45,50.2696,85.6108,28.11,70,49,1.19
304,Zhangye,CN,2021-09-22 19:04:46,38.9342,100.4517,64.44,41,0,5.1
305,Kenai,US,2021-09-22 19:04:46,60.5544,-151.2583,42.1,50,20,5.75
306,Padang,ID,2021-09-22 19:04:46,-0.9492,100.3543,77.41,83,100,4.0
307,Codrington,AU,2021-09-22 19:04:47,-38.2667,141.9667,48.51,90,0,12.55
308,Vitoria,BR,2021-09-22 19:01:26,-20.3194,-40.3378,72.36,63,30,21.21
309,Rudbar,AF,2021-09-22 19:04:47,30.15,62.6,79.9,16,0,7.78
310,Alekseyevka,RU,2021-09-22 19:04:47,50.6309,38.6903,47.17,85,100,5.17
311,Semnan,IR,2021-09-22 19:04:48,35.5729,53.3971,78.1,17,11,7.58
312,Carballo,ES,2021-09-22 19:04:48,43.213,-8.691,66.06,81,3,9.75
313,Tevaitoa,PF,2021-09-22 19:04:48,-16.7833,-151.5,77.41,70,0,5.84
314,Cody,US,2021-09-22 19:04:23,44.5263,-109.0565,77.58,17,1,8.05
315,Ko Samui,TH,2021-09-22 19:04:48,9.5357,99.9357,82.33,74,100,18.28
316,Vila Franca Do Campo,PT,2021-09-22 19:04:49,37.7167,-25.4333,73.81,71,19,10.92
317,Moss Vale,AU,2021-09-22 19:04:49,-34.55,150.3833,41.14,92,2,4.74
318,Tiznit,MA,2021-09-22 19:04:49,29.5833,-9.5,65.73,78,100,5.97
319,Murakami,JP,2021-09-22 19:04:49,38.2333,139.4833,64.36,93,2,3.69
320,Kargil,IN,2021-09-22 19:04:50,34.5667,76.1,50.85,53,0,6.76
321,Russellville,US,2021-09-22 19:04:50,35.2784,-93.1338,78.98,36,1,6.91
322,Linjiang,CN,2021-09-22 19:04:50,41.8069,126.9078,54.34,98,100,2.24
323,Pecos,US,2021-09-22 19:01:09,31.4229,-103.4932,78.89,21,1,10.36
324,Rupert,US,2021-09-22 19:04:51,42.6191,-113.6772,75.15,27,1,4.61
325,Vestmannaeyjar,IS,2021-09-22 19:04:51,63.4427,-20.2734,43.54,60,38,19.1
326,Hovd,MN,2021-09-22 19:04:51,48.0056,91.6419,43.14,31,87,3.74
327,Ust-Nera,RU,2021-09-22 19:04:51,64.5667,143.2,34.79,69,66,4.88
328,Yasnyy,RU,2021-09-22 19:04:52,51.0333,59.8742,48.34,38,93,5.5
329,Mareeba,AU,2021-09-22 19:04:52,-17.0,145.4333,61.52,91,4,1.32
330,Banes,CU,2021-09-22 19:04:52,20.9625,-75.7186,93.81,59,1,12.71
331,Altay,CN,2021-09-22 19:04:52,47.8667,88.1167,38.41,26,77,4.43
332,Pevek,RU,2021-09-22 19:04:53,69.7008,170.3133,27.54,65,100,8.81
333,Leningradskiy,RU,2021-09-22 19:04:54,69.3833,178.4167,18.03,76,85,7.85
334,Yerbogachen,RU,2021-09-22 19:04:54,61.2767,108.0108,32.81,82,35,3.67
335,Hithadhoo,MV,2021-09-22 19:04:54,-0.6,73.0833,82.11,74,100,17.0
336,Petropavlovsk-Kamchatskiy,RU,2021-09-22 19:04:55,53.0452,158.6483,32.59,100,0,8.95
337,Grindavik,IS,2021-09-22 19:04:55,63.8424,-22.4338,41.47,70,20,9.22
338,Dakar,SN,2021-09-22 19:01:10,14.6937,-17.4441,86.88,73,8,5.77
339,The Valley,AI,2021-09-22 19:04:55,18.217,-63.0578,89.46,70,71,9.55
340,Kamina,CD,2021-09-22 19:04:55,-8.7386,24.9906,73.06,20,8,2.3
341,Yatou,CN,2021-09-22 19:04:56,37.15,122.3833,62.82,68,76,2.82
342,Pemangkat,ID,2021-09-22 19:04:56,1.1667,108.9667,79.03,85,100,2.98
343,Varnamo,SE,2021-09-22 19:04:56,57.186,14.04,56.28,91,0,7.76
344,Nigran,ES,2021-09-22 19:04:57,42.1415,-8.8066,66.97,71,20,1.01
345,Nouadhibou,MR,2021-09-22 19:04:57,20.931,-17.0347,71.4,83,0,23.53
346,Arlit,NE,2021-09-22 19:04:57,18.7369,7.3853,98.2,9,23,8.08
347,Firminy,FR,2021-09-22 19:04:57,45.3873,4.2907,59.5,82,20,5.75
348,Kutum,SD,2021-09-22 19:04:58,14.2,24.6667,85.21,31,96,11.3
349,Luanda,AO,2021-09-22 19:00:06,-8.8368,13.2343,72.59,82,15,9.98
350,Hargeysa,SO,2021-09-22 19:00:20,9.56,44.065,75.54,52,75,8.1
351,Olinda,BR,2021-09-22 19:04:58,-8.0089,-34.8553,80.33,69,20,10.36
352,Weesp,NL,2021-09-22 19:04:58,52.3075,5.0417,61.2,81,0,1.99
353,Berezovyy,RU,2021-09-22 19:04:58,51.6667,135.7,37.62,81,0,3.71
354,Iqaluit,CA,2021-09-22 19:04:59,63.7506,-68.5145,32.79,89,100,8.19
355,Severo-Kurilsk,RU,2021-09-22 19:04:59,50.6789,156.125,49.44,79,100,5.95
356,Cabo San Lucas,MX,2021-09-22 19:01:39,22.8909,-109.9124,93.51,67,12,4.81
357,Leshukonskoye,RU,2021-09-22 19:04:59,64.8989,45.7622,36.57,80,5,4.34
358,Edd,ER,2021-09-22 19:05:00,13.9297,41.6925,90.32,57,100,7.67
359,Berdychiv,UA,2021-09-22 19:05:00,49.8993,28.6024,42.1,91,100,9.37
360,Longonjo,AO,2021-09-22 19:05:00,-12.9067,15.2533,77.83,16,99,2.53
361,Batagay-Alyta,RU,2021-09-22 19:05:00,67.8006,130.4114,31.89,95,98,2.66
362,Madang,PG,2021-09-22 19:05:01,-5.2246,145.7966,76.1,91,100,0.47
363,Iracoubo,GF,2021-09-22 19:05:01,5.4802,-53.2011,83.71,71,100,8.48
364,Amahai,ID,2021-09-22 19:05:01,-3.3333,128.9167,76.46,90,91,5.12
365,Caucaia,BR,2021-09-22 19:05:01,-3.7361,-38.6531,84.15,74,20,12.66
366,Broken Hill,AU,2021-09-22 19:05:02,-31.95,141.4333,46.54,78,0,1.74
367,Karratha,AU,2021-09-22 19:05:02,-20.7377,116.8463,79.03,25,100,9.71
368,Fortuna,US,2021-09-22 19:00:32,40.5982,-124.1573,71.92,68,88,3.0
369,Poronaysk,RU,2021-09-22 19:05:02,49.2167,143.1167,47.66,91,100,14.05
370,Sao Miguel,BR,2021-09-22 19:05:02,-5.4667,-35.3667,84.97,66,85,11.7
371,Shimoda,JP,2021-09-22 19:05:03,34.6667,138.95,75.31,89,100,15.55
372,Ishinomaki,JP,2021-09-22 19:05:03,38.4167,141.3,68.68,92,100,1.43
373,Nhulunbuy,AU,2021-09-22 19:05:03,-12.2333,136.7667,74.01,60,11,11.5
374,Porto Velho,BR,2021-09-22 19:04:05,-8.7619,-63.9039,95.05,43,40,3.44
375,Tabuk,PH,2021-09-22 19:05:04,17.4189,121.4443,73.58,93,36,1.99
376,Yuzhne,UA,2021-09-22 19:05:04,46.6221,31.1013,50.22,75,100,9.33
377,Grand Gaube,MU,2021-09-22 19:05:04,-20.0064,57.6608,72.37,68,5,5.99
378,Nabire,ID,2021-09-22 19:05:04,-3.3667,135.4833,75.47,91,100,2.39
379,Blackwater,AU,2021-09-22 19:05:05,-23.5833,148.8833,50.4,32,0,5.88
380,Novopokrovka,UA,2021-09-22 19:05:05,49.8425,36.5477,46.78,87,100,3.51
381,Disna,BY,2021-09-22 19:05:05,55.568,28.1971,41.92,96,100,6.96
382,Roswell,US,2021-09-22 19:05:06,34.0232,-84.3616,74.75,75,20,4.0
383,Barabai,ID,2021-09-22 19:05:06,-2.5833,115.3833,72.1,94,98,1.68
384,Fatehpur Sikri,IN,2021-09-22 19:05:06,27.1,77.6667,81.55,73,99,7.4
385,Erenhot,CN,2021-09-22 19:05:06,43.6475,111.9767,66.09,35,100,5.57
386,Omsukchan,RU,2021-09-22 19:05:07,62.5333,155.8,39.7,86,100,2.01
387,Maldonado,UY,2021-09-22 19:02:18,-34.6667,-54.9167,58.23,67,100,10.4
388,Leh,IN,2021-09-22 19:05:07,34.1667,77.5833,55.63,38,2,6.24
389,Nelson Bay,AU,2021-09-22 19:05:07,-32.7167,152.15,51.96,94,0,9.66
390,Tampakan,PH,2021-09-22 19:05:08,6.4442,124.9264,72.75,96,30,0.63
391,Acapulco,MX,2021-09-22 19:01:29,16.8634,-99.8901,86.58,69,12,5.75
392,Vostok,RU,2021-09-22 19:05:08,46.4856,135.8833,49.51,98,100,4.12
393,Clarksburg,US,2021-09-22 19:03:36,39.2807,-80.3445,84.88,57,20,12.66
394,Broome,US,2021-09-22 19:05:08,42.2506,-75.833,77.38,66,40,1.99
395,Evensk,RU,2021-09-22 19:05:08,61.95,159.2333,40.03,91,96,4.27
396,Calvinia,ZA,2021-09-22 19:05:09,-31.4707,19.776,67.39,9,71,5.64
397,Vardo,NO,2021-09-22 19:05:09,70.3705,31.1107,46.6,61,0,25.32
398,Benevento,IT,2021-09-22 19:05:09,41.2179,14.7464,67.53,66,3,5.97
399,Asau,RO,2021-09-22 19:05:10,46.4333,26.4,49.75,93,100,0.2
400,Rio Gallegos,AR,2021-09-22 19:04:49,-51.6226,-69.2181,60.85,36,40,26.46
401,Kyren,RU,2021-09-22 19:05:10,51.6828,102.1408,35.24,91,53,2.19
402,Hailar,CN,2021-09-22 19:05:10,49.2,119.7,47.39,78,7,7.92
403,Lorengau,PG,2021-09-22 19:05:11,-2.0226,147.2712,79.81,80,100,4.54
404,Owando,CG,2021-09-22 19:05:11,-0.4819,15.8999,72.39,91,100,5.68
405,Turukhansk,RU,2021-09-22 19:05:11,65.8167,87.9833,34.02,99,100,7.54
406,Barra Do Garcas,BR,2021-09-22 19:01:14,-15.89,-52.2567,107.58,10,8,5.53
407,Cabra,ES,2021-09-22 19:05:11,37.4725,-4.4421,72.9,70,23,2.17
408,Tomatlan,MX,2021-09-22 19:05:12,19.9333,-105.25,88.39,65,100,5.41
409,Boda,CF,2021-09-22 19:05:12,4.3189,17.4695,70.45,97,100,4.07
410,Opuwo,NA,2021-09-22 19:05:12,-18.0607,13.84,80.94,15,66,5.95
411,Homer,US,2021-09-22 19:05:12,59.6425,-151.5483,45.77,50,1,6.91
412,Kalia,BD,2021-09-22 19:05:13,23.0396,89.6328,76.91,92,100,3.44
413,Forssa,FI,2021-09-22 19:05:13,60.8146,23.6215,43.75,85,100,4.7
414,Gandajika,CD,2021-09-22 19:05:13,-6.75,23.95,82.44,37,49,4.0
415,Manggar,ID,2021-09-22 19:05:13,-2.8833,108.2667,81.1,80,98,10.51
416,Mikumi,TZ,2021-09-22 19:05:14,-7.4041,36.9831,73.71,61,75,1.74
417,Nagato,JP,2021-09-22 19:05:14,34.3833,131.2,72.3,89,1,13.04
418,Bryant,US,2021-09-22 19:05:14,34.5959,-92.4891,79.18,44,0,5.99
419,Bagacay,PH,2021-09-22 19:05:14,12.9821,124.1415,81.0,82,97,5.7
420,Kaa-Khem,RU,2021-09-22 19:05:15,51.6833,94.7333,40.15,40,100,4.18
421,Baykit,RU,2021-09-22 19:05:15,61.67,96.37,28.62,97,94,2.44
422,Ilulissat,GL,2021-09-22 19:05:15,69.2167,-51.1,28.42,46,75,9.22
423,Kishtwar,IN,2021-09-22 19:05:16,33.3167,75.7667,59.59,88,1,2.98
424,Russkaya Polyana,UA,2021-09-22 19:05:16,49.417,31.9201,44.73,84,100,6.55
425,Areia Branca,BR,2021-09-22 19:05:16,-4.9561,-37.1369,82.99,67,54,16.22
426,Decatur,US,2021-09-22 19:05:17,39.8403,-88.9548,72.72,45,88,16.11
427,Westerland,DE,2021-09-22 19:05:17,54.9079,8.3033,62.62,82,75,18.41
428,Kolpny,RU,2021-09-22 19:05:17,52.2282,37.0368,45.23,94,100,5.19
429,Craig,US,2021-09-22 19:05:17,40.5153,-107.5464,73.18,18,1,0.0
430,Comodoro Rivadavia,AR,2021-09-22 19:03:06,-45.8667,-67.5,65.61,32,6,34.23
431,Kalakamati,BW,2021-09-22 19:05:18,-20.5929,27.3121,57.02,78,34,18.01
432,Khasan,RU,2021-09-22 19:05:18,42.4308,130.6434,62.08,74,98,14.05
433,Corinto,GR,2021-09-22 19:05:18,37.9407,22.9573,74.41,71,0,4.59
434,Serowe,BW,2021-09-22 19:05:19,-22.3833,26.7167,58.51,71,0,13.69
435,Bunia,CD,2021-09-22 19:05:19,1.5667,30.25,63.28,93,64,3.47
436,Santa Ana,US,2021-09-22 19:05:19,33.7456,-117.8678,104.04,38,1,1.99
437,Zhezkazgan,KZ,2021-09-22 19:05:19,47.8043,67.7144,46.42,38,3,11.07
438,Westport,US,2021-09-22 19:01:10,41.1415,-73.3579,82.27,82,97,1.99
439,Palmer,US,2021-09-22 19:05:20,42.1584,-72.3287,78.15,77,90,5.01
440,Aban,RU,2021-09-22 19:05:20,56.67,96.06,36.09,94,100,4.85
441,Springbok,ZA,2021-09-22 19:05:20,-29.6643,17.8865,61.07,22,1,0.98
442,Okhotsk,RU,2021-09-22 19:05:20,59.3833,143.3,46.17,70,2,4.41
443,Ajdabiya,LY,2021-09-22 19:03:20,30.7554,20.2263,84.31,38,0,9.4
444,Padilla,CO,2021-09-22 19:05:21,3.2204,-76.3139,84.88,60,74,2.44
445,Dzhebariki-Khaya,RU,2021-09-22 19:05:21,62.2167,135.8,34.54,92,61,1.72
446,Gushikawa,JP,2021-09-22 19:05:21,26.3544,127.8686,81.63,89,1,0.0
447,Chapais,CA,2021-09-22 19:05:22,49.7834,-74.8492,45.27,83,100,6.85
448,Batemans Bay,AU,2021-09-22 19:05:22,-35.7167,150.1833,48.2,82,1,4.83
449,Fairbanks,US,2021-09-22 19:05:21,64.8378,-147.7164,30.6,81,75,1.14
450,Klaksvik,FO,2021-09-22 19:05:22,62.2266,-6.589,49.12,70,95,20.45
451,Kumluca,TR,2021-09-22 19:05:22,36.3703,30.2869,78.84,46,0,6.76
452,Jacareacanga,BR,2021-09-22 19:05:23,-6.2222,-57.7528,100.56,26,100,4.45
453,Oswego,US,2021-09-22 19:05:23,43.4501,-76.1497,79.03,93,100,3.0
454,Kankon,IN,2021-09-22 19:05:23,15.0167,74.0167,77.63,88,99,4.34
455,Iquique,CL,2021-09-22 19:05:24,-20.2208,-70.1431,62.64,71,100,9.89
456,Arraias,BR,2021-09-22 19:05:24,-12.9288,-46.9437,103.41,10,7,1.34
457,Adeje,ES,2021-09-22 19:01:55,28.1227,-16.726,74.16,67,75,4.0
458,Constitucion,CL,2021-09-22 19:05:24,-35.3333,-72.4167,58.06,63,11,8.86
459,Bonthe,SL,2021-09-22 19:05:24,7.5264,-12.505,79.29,83,100,7.63
460,Namatanai,PG,2021-09-22 19:05:25,-3.6667,152.4333,77.58,84,100,7.9
461,Matagami,CA,2021-09-22 19:05:25,49.7502,-77.6328,50.13,56,100,9.37
462,Araouane,ML,2021-09-22 19:05:25,18.9048,-3.5265,100.89,8,9,6.8
463,Hwange,ZW,2021-09-22 19:05:26,-18.3693,26.5019,75.85,29,18,3.85
464,Hirtshals,DK,2021-09-22 19:05:26,57.5881,9.9592,58.86,90,94,23.87
465,Cherskiy,RU,2021-09-22 19:05:26,68.75,161.3,28.08,59,100,5.5
466,Tazovskiy,RU,2021-09-22 19:05:26,67.4667,78.7,31.98,81,50,12.86
467,Yumen,CN,2021-09-22 19:05:27,40.2833,97.2,61.18,30,0,16.98
468,Dudinka,RU,2021-09-22 19:05:27,69.4058,86.1778,32.13,84,98,17.96
469,Pokosnoye,RU,2021-09-22 19:05:27,55.5258,101.0536,34.29,87,91,2.89
470,Rocky Mount,US,2021-09-22 19:05:27,35.9382,-77.7905,76.91,88,75,10.36
471,Manadhoo,MV,2021-09-22 19:05:28,5.7667,73.3833,82.94,77,60,16.58
472,Narsaq,GL,2021-09-22 19:05:28,60.9167,-46.05,39.42,76,100,3.76
473,Kantang,TH,2021-09-22 19:05:28,7.4054,99.5156,76.37,93,96,2.28
474,Carutapera,BR,2021-09-22 19:05:28,-1.195,-46.02,85.41,64,82,10.69
475,Russell,US,2021-09-22 19:05:29,32.3502,-85.1999,79.12,76,75,20.71
476,Alice Springs,AU,2021-09-22 19:05:29,-23.7,133.8833,36.95,60,0,3.44
477,Belgrade,RS,2021-09-22 19:05:29,44.804,20.4651,51.46,93,75,8.05
478,Bonham,US,2021-09-22 19:05:30,33.5773,-96.1783,82.83,25,1,11.5
479,Sapa,PH,2021-09-22 19:05:30,5.1544,120.3241,79.79,76,89,7.16
480,Shaoyang,CN,2021-09-22 19:05:30,27.2315,111.4525,75.65,69,2,0.54
481,Saint-Georges,GD,2021-09-22 19:05:30,12.0564,-61.7485,84.96,69,3,10.85
482,Beyla,GN,2021-09-22 19:05:31,8.6833,-8.6333,71.65,89,100,2.68
483,New Iberia,US,2021-09-22 19:01:41,30.0035,-91.8187,78.98,56,14,17.54
484,Berlevag,NO,2021-09-22 19:05:31,70.8578,29.0864,48.2,80,100,43.49
485,Razole,IN,2021-09-22 19:05:31,16.4833,81.8333,78.66,85,100,3.69
486,Salym,RU,2021-09-22 19:05:31,60.0625,71.4789,34.47,93,91,5.3
487,Muravlenko,RU,2021-09-22 19:05:32,63.7898,74.523,35.74,91,100,12.19
488,Kuli,RU,2021-09-22 19:05:32,42.0185,47.2434,50.34,89,98,0.92
489,Nyurba,RU,2021-09-22 19:05:32,63.2842,118.3319,39.02,92,100,6.38
490,Ystad,SE,2021-09-22 19:05:33,55.4297,13.8204,57.94,81,0,13.6
491,Yaan,NG,2021-09-22 19:05:33,7.3833,8.5667,71.49,97,100,2.62
492,Necochea,AR,2021-09-22 19:05:33,-38.5473,-58.7368,53.04,67,100,12.53
493,Kahului,US,2021-09-22 19:05:14,20.8947,-156.47,82.42,63,20,18.41
494,Thinadhoo,MV,2021-09-22 19:05:33,0.5333,72.9333,82.33,73,94,14.47
495,Snezhnogorsk,RU,2021-09-22 19:05:34,69.1933,33.2531,44.38,64,100,25.3
496,Great Yarmouth,GB,2021-09-22 19:05:34,52.6083,1.7305,62.85,69,10,9.01
497,Ryazhsk,RU,2021-09-22 19:05:34,53.7038,40.1109,49.1,91,69,2.35
498,Bogorodskoye,RU,2021-09-22 19:05:35,56.55,37.8833,42.37,98,100,3.78
499,Trairi,BR,2021-09-22 19:04:52,-3.2778,-39.2689,83.98,64,70,12.68
500,Bilma,NE,2021-09-22 19:05:35,18.6853,12.9164,93.4,11,4,4.68
501,Port-Cartier,CA,2021-09-22 19:05:35,50.0334,-66.8654,63.93,66,100,9.6
502,Grand Forks,US,2021-09-22 19:05:34,47.9417,-97.4337,76.68,25,20,19.57
503,Adre,TD,2021-09-22 19:05:36,13.4667,22.2,81.16,55,100,5.17
504,Saurimo,AO,2021-09-22 19:05:36,-9.6608,20.3916,74.26,16,30,3.6
505,Tecpan,GT,2021-09-22 19:05:36,14.7623,-90.9947,69.62,53,15,7.56
506,Talnakh,RU,2021-09-22 19:05:36,69.4865,88.3972,33.76,78,95,10.16
507,San Lorenzo De El Escorial,ES,2021-09-22 19:05:38,40.5914,-4.1474,65.82,65,8,6.6
508,Hobyo,SO,2021-09-22 19:05:38,5.3505,48.5268,77.49,88,58,24.29
509,Koulikoro,ML,2021-09-22 19:05:38,14.0,-7.75,85.44,52,97,10.13
510,Tendukheda,IN,2021-09-22 19:05:38,23.4,79.55,76.37,83,80,5.37
511,Maceio,BR,2021-09-22 19:01:20,-9.6658,-35.7353,89.04,70,0,13.8
512,Coihaique,CL,2021-09-22 19:05:39,-45.5752,-72.0662,56.01,62,75,4.61
513,Degollado,MX,2021-09-22 19:05:39,20.467,-102.1498,76.44,43,12,11.77
514,San Rafael,AR,2021-09-22 19:05:39,-34.6177,-68.3301,71.46,27,5,6.73
515,Nushki,PK,2021-09-22 19:05:39,29.5542,66.0215,75.42,10,0,1.16
516,Taoudenni,ML,2021-09-22 19:05:40,22.6783,-3.9836,101.73,7,0,3.98
517,Saint-Augustin,CA,2021-09-22 19:05:40,51.226,-58.6502,70.43,56,79,17.36
518,Vilyuysk,RU,2021-09-22 19:05:40,63.7553,121.6247,40.35,95,100,9.26
519,Halifax,CA,2021-09-22 19:01:51,44.6453,-63.5724,71.69,69,2,5.99
520,San Quintin,MX,2021-09-22 19:05:40,30.4833,-115.95,81.99,55,1,8.7
521,Manzil Salim,TN,2021-09-22 19:05:41,35.8567,8.4765,80.92,37,30,6.38
522,Aqtobe,KZ,2021-09-22 19:05:41,50.2797,57.2072,50.09,34,0,2.24
523,Abong Mbang,CM,2021-09-22 19:05:41,3.9833,13.1833,67.77,99,100,2.68
524,Okha,RU,2021-09-22 19:05:41,53.5739,142.9478,44.58,89,13,8.21
525,Katobu,ID,2021-09-22 19:05:42,-4.9408,122.5276,73.22,93,79,4.03
526,Cagmanaba,PH,2021-09-22 19:05:42,13.055,123.2971,79.3,84,100,5.73
527,Fare,PF,2021-09-22 19:05:42,-16.7,-151.0167,77.22,72,0,5.7
528,Gwadar,PK,2021-09-22 19:05:42,25.1216,62.3254,81.46,85,60,4.85
529,Ulladulla,AU,2021-09-22 19:05:43,-35.35,150.4667,48.6,82,0,5.35
530,Andros Town,BS,2021-09-22 19:05:43,24.7,-77.7667,85.96,65,77,8.93
531,Inirida,CO,2021-09-22 19:05:43,3.8653,-67.9239,83.01,76,94,3.56
532,Kautokeino,NO,2021-09-22 19:05:44,69.0125,23.0412,43.3,96,100,32.1
533,Kungurtug,RU,2021-09-22 19:05:44,50.5994,97.5228,29.97,68,98,2.51
534,Kuybyshevo,RU,2021-09-22 19:05:44,47.8123,38.9073,53.02,61,100,2.68
535,Burnie,AU,2021-09-22 19:05:44,-41.0667,145.9167,53.29,74,94,19.69
536,Magnitogorsk,RU,2021-09-22 19:05:45,53.4186,59.0472,40.03,60,100,6.71
537,Ishigaki,JP,2021-09-22 19:05:45,24.3448,124.1572,84.18,71,0,5.03
538,Monrovia,LR,2021-09-22 19:05:45,6.3005,-10.7969,78.24,85,100,8.12
539,Shalinskoye,RU,2021-09-22 19:05:46,55.7228,93.7594,35.65,96,100,5.55
540,Sidney,AU,2021-09-22 19:05:46,-33.8679,151.2073,51.64,90,0,1.01
541,San Julian,MX,2021-09-22 19:05:46,21.0167,-102.1667,71.55,50,12,11.07
